condition,experiment_id,meta_round,behavioral_distance,structural_similarity,valid_behavior_pairs,valid_structure_pairs,total_pairs
OF,exp_001,1,0.325292,0.308915,10,10,10
OF,exp_001,2,0.306393,0.32665,10,10,10
OF,exp_001,3,0.34592,0.320047,10,10,10
OF,exp_002,1,0.310658,0.334856,10,10,10
OF,exp_002,2,0.317984,0.362019,10,10,10
OF,exp_002,3,0.305742,0.362584,10,10,10
OF,exp_003,1,0.408579,0.259921,10,10,10
OF,exp_003,2,0.23994,0.321514,10,10,10
OF,exp_003,3,0.313179,0.315698,10,10,10
OF,exp_004,1,0.284989,0.333838,10,10,10
OF,exp_004,2,0.360281,0.34196,10,10,10
OF,exp_004,3,0.343582,0.331674,10,10,10
OF,exp_005,1,0.265503,0.278078,10,10,10
OF,exp_005,2,0.233602,0.280802,10,10,10
OF,exp_005,3,0.302487,0.309794,10,10,10
OF,exp_006,1,0.246206,0.321252,10,10,10
OF,exp_006,2,0.282276,0.293165,10,10,10
OF,exp_006,3,0.372821,0.280188,10,10,10
OF,exp_007,1,0.317326,0.334368,10,10,10
OF,exp_007,2,0.305852,0.308259,10,10,10
OF,exp_007,3,0.367607,0.309096,10,10,10
OF,exp_008,1,0.247955,0.319707,10,10,10
OF,exp_008,2,0.249928,0.331779,10,10,10
OF,exp_008,3,0.249905,0.328171,10,10,10
OF,exp_009,1,0.296367,0.318489,10,10,10
OF,exp_009,2,0.326108,0.341766,10,10,10
OF,exp_009,3,0.33884,0.338862,10,10,10
OF,exp_010,1,0.221942,0.249192,10,10,10
OF,exp_010,2,0.281158,0.28188,10,10,10
OF,exp_010,3,0.337351,0.309578,10,10,10
OF,exp_011,1,0.42525,0.260395,10,10,10
OF,exp_011,2,0.351255,0.350903,10,10,10
OF,exp_011,3,0.342878,0.369229,10,10,10
OF,exp_012,1,0.328692,0.296474,10,10,10
OF,exp_012,2,0.37105,0.216678,10,10,10
OF,exp_012,3,0.369981,0.273596,10,10,10
OF,exp_013,1,0.251817,0.285753,10,10,10
OF,exp_013,2,0.314684,0.286247,10,10,10
OF,exp_013,3,0.342879,0.349592,10,10,10
OF,exp_014,1,0.310032,0.286367,10,10,10
OF,exp_014,2,0.362671,0.345715,10,10,10
OF,exp_014,3,0.323281,0.30965,10,10,10
OF,exp_015,1,0.288246,0.284553,10,10,10
OF,exp_015,2,0.326931,0.287742,10,10,10
OF,exp_015,3,0.363665,0.298896,10,10,10
OF,exp_016,1,0.379906,0.282458,10,10,10
OF,exp_016,2,0.39048,0.290993,10,10,10
OF,exp_016,3,0.388498,0.294225,10,10,10
OF,exp_017,1,0.314507,0.367188,10,10,10
OF,exp_017,2,0.310905,0.3214,10,10,10
OF,exp_017,3,0.305615,0.326306,10,10,10
OF,exp_018,1,0.282945,0.316411,10,10,10
OF,exp_018,2,0.329896,0.321489,10,10,10
OF,exp_018,3,0.357493,0.312036,10,10,10
OF,exp_019,1,0.231583,0.292182,10,10,10
OF,exp_019,2,0.343764,0.338325,10,10,10
OF,exp_019,3,0.389065,0.327824,10,10,10
OF,exp_020,1,0.309899,0.335322,10,10,10
OF,exp_020,2,0.329531,0.369722,10,10,10
OF,exp_020,3,0.331482,0.350598,10,10,10
OF,exp_021,1,0.378146,0.325901,10,10,10
OF,exp_021,2,0.334966,0.346698,10,10,10
OF,exp_021,3,0.368048,0.352123,10,10,10
OF,exp_022,1,0.204772,0.282753,10,10,10
OF,exp_022,2,0.237587,0.272621,10,10,10
OF,exp_022,3,0.284352,0.26448,10,10,10
OF,exp_023,1,0.301674,0.260277,10,10,10
OF,exp_023,2,0.293001,0.297643,10,10,10
OF,exp_023,3,0.27762,0.314698,10,10,10
OF,exp_024,1,0.361739,0.296129,10,10,10
OF,exp_024,2,0.389042,0.210624,10,10,10
OF,exp_024,3,0.355004,0.310359,10,10,10
OF,exp_025,1,0.307115,0.307144,10,10,10
OF,exp_025,2,0.265015,0.305763,10,10,10
OF,exp_025,3,0.347167,0.349844,10,10,10
OF,exp_026,1,0.316798,0.304731,10,10,10
OF,exp_026,2,0.301352,0.329459,10,10,10
OF,exp_026,3,0.34102,0.289886,10,10,10
OF,exp_027,1,0.326215,0.327459,10,10,10
OF,exp_027,2,0.355024,0.34248,10,10,10
OF,exp_027,3,0.264694,0.323476,10,10,10
OF,exp_028,1,0.28084,0.347935,10,10,10
OF,exp_028,2,0.420639,0.344728,10,10,10
OF,exp_028,3,0.42861,0.274747,10,10,10
OF,exp_029,1,0.274088,0.301613,10,10,10
OF,exp_029,2,0.302045,0.269456,10,10,10
OF,exp_029,3,0.311514,0.298996,10,10,10
OF,exp_030,1,0.256135,0.309692,10,10,10
OF,exp_030,2,0.252417,0.322231,10,10,10
OF,exp_030,3,0.367466,0.342271,10,10,10
OF,exp_031,1,0.346414,0.302589,10,10,10
OF,exp_031,2,0.374225,0.337501,10,10,10
OF,exp_031,3,0.393442,0.353833,10,10,10
OF,exp_032,1,0.366965,0.279856,10,10,10
OF,exp_032,2,0.339034,0.274396,10,10,10
OF,exp_032,3,0.297397,0.31763,10,10,10
OF,exp_033,1,0.271892,0.342075,10,10,10
OF,exp_033,2,0.312709,0.300086,10,10,10
OF,exp_033,3,0.267979,0.334803,10,10,10
OF,exp_034,1,0.298899,0.286916,10,10,10
OF,exp_034,2,0.266604,0.285624,10,10,10
OF,exp_034,3,0.351128,0.289883,10,10,10
OF,exp_035,1,0.307883,0.311372,10,10,10
OF,exp_035,2,0.396786,0.204783,10,10,10
OF,exp_035,3,0.264828,0.315859,10,10,10
OF,exp_036,1,0.278087,0.28632,10,10,10
OF,exp_036,2,0.240956,0.268041,10,10,10
OF,exp_036,3,0.204907,0.272506,10,10,10
OF,exp_037,1,0.35002,0.308551,10,10,10
OF,exp_037,2,0.395727,0.308447,10,10,10
OF,exp_037,3,0.399435,0.308575,10,10,10
OF,exp_038,1,0.273114,0.291479,10,10,10
OF,exp_038,2,0.25931,0.3574,10,10,10
OF,exp_038,3,0.257856,0.355538,10,10,10
OF,exp_039,1,0.27724,0.282347,10,10,10
OF,exp_039,2,0.366301,0.270843,10,10,10
OF,exp_039,3,0.34963,0.323239,10,10,10
OF,exp_040,1,0.28952,0.301216,10,10,10
OF,exp_040,2,0.372471,0.336802,10,10,10
OF,exp_040,3,0.329292,0.314877,10,10,10
OF,exp_041,1,0.405008,0.344873,10,10,10
OF,exp_041,2,0.406967,0.348715,10,10,10
OF,exp_041,3,0.399991,0.330927,10,10,10
OF,exp_042,1,0.254653,0.339059,10,10,10
OF,exp_042,2,0.355229,0.349266,10,10,10
OF,exp_042,3,0.34716,0.334174,10,10,10
OF,exp_043,1,0.320014,0.350401,10,10,10
OF,exp_043,2,0.410757,0.367481,10,10,10
OF,exp_043,3,0.422098,0.362482,10,10,10
OF,exp_044,1,0.25979,0.31755,10,10,10
OF,exp_044,2,0.293285,0.314197,10,10,10
OF,exp_044,3,0.272093,0.310009,10,10,10
OF,exp_045,1,0.339874,0.305236,10,10,10
OF,exp_045,2,0.324078,0.299562,10,10,10
OF,exp_045,3,0.429011,0.296943,10,10,10
OF,exp_046,1,0.332503,0.30375,10,10,10
OF,exp_046,2,0.356899,0.306688,10,10,10
OF,exp_046,3,0.422037,0.321843,10,10,10
OF,exp_047,1,0.251638,0.325827,10,10,10
OF,exp_047,2,0.292339,0.323272,10,10,10
OF,exp_047,3,0.285528,0.326188,10,10,10
OF,exp_048,1,0.393544,0.310485,10,10,10
OF,exp_048,2,0.401272,0.32768,10,10,10
OF,exp_048,3,0.408062,0.335555,10,10,10
OF,exp_049,1,0.282726,0.273522,10,10,10
OF,exp_049,2,0.230762,0.36231,10,10,10
OF,exp_049,3,0.278288,0.366969,10,10,10
OF,exp_050,1,0.270989,0.315379,10,10,10
OF,exp_050,2,0.302118,0.309512,10,10,10
OF,exp_050,3,0.361852,0.315065,10,10,10
OF,exp_051,1,0.244017,0.310296,10,10,10
OF,exp_051,2,0.241946,0.338916,10,10,10
OF,exp_051,3,0.256172,0.335938,10,10,10
OF,exp_052,1,0.262311,0.286902,10,10,10
OF,exp_052,2,0.387454,0.342946,10,10,10
OF,exp_052,3,0.390032,0.352203,10,10,10
OF,exp_053,1,0.379645,0.255905,10,10,10
OF,exp_053,2,0.300449,0.283041,10,10,10
OF,exp_053,3,0.319681,0.277573,10,10,10
OF,exp_054,1,0.229332,0.2795,10,10,10
OF,exp_054,2,0.231933,0.284045,10,10,10
OF,exp_054,3,0.303052,0.337773,10,10,10
OF,exp_055,1,0.275953,0.295259,10,10,10
OF,exp_055,2,0.292302,0.292355,10,10,10
OF,exp_055,3,0.33385,0.30468,10,10,10
OF,exp_056,1,0.346474,0.265789,10,10,10
OF,exp_056,2,0.340064,0.293384,10,10,10
OF,exp_056,3,0.394579,0.322685,10,10,10
OF,exp_057,1,0.297854,0.295143,10,10,10
OF,exp_057,2,0.342107,0.349259,10,10,10
OF,exp_057,3,0.278764,0.311589,10,10,10
OF,exp_058,1,0.296842,0.305812,10,10,10
OF,exp_058,2,0.287682,0.290551,10,10,10
OF,exp_058,3,0.233898,0.322179,10,10,10
OF,exp_059,1,0.201278,0.301209,10,10,10
OF,exp_059,2,0.293445,0.301404,10,10,10
OF,exp_059,3,0.335715,0.296792,10,10,10
OF,exp_060,1,0.276873,0.325372,10,10,10
OF,exp_060,2,0.278351,0.334009,10,10,10
OF,exp_060,3,0.31548,0.32048,10,10,10
OF,exp_061,1,0.311344,0.272315,10,10,10
OF,exp_061,2,0.303711,0.311021,10,10,10
OF,exp_061,3,0.294471,0.29596,10,10,10
OF,exp_062,1,0.290171,0.253882,10,10,10
OF,exp_062,2,0.293534,0.360834,10,10,10
OF,exp_062,3,0.285253,0.384501,10,10,10
OF,exp_063,1,0.350172,0.31544,10,10,10
OF,exp_063,2,0.358064,0.289374,10,10,10
OF,exp_063,3,0.341022,0.296873,10,10,10
OF,exp_064,1,0.261618,0.323634,10,10,10
OF,exp_064,2,0.28907,0.34742,10,10,10
OF,exp_064,3,0.274542,0.363046,10,10,10
OF,exp_065,1,0.24902,0.298283,10,10,10
OF,exp_065,2,0.263682,0.341602,10,10,10
OF,exp_065,3,0.305444,0.340046,10,10,10
OF,exp_066,1,0.251566,0.34669,10,10,10
OF,exp_066,2,0.264036,0.343326,10,10,10
OF,exp_066,3,0.388,0.347502,10,10,10
OF,exp_067,1,0.216421,0.326141,10,10,10
OF,exp_067,2,0.361489,0.24237,10,10,10
OF,exp_067,3,0.321334,0.307642,10,10,10
OF,exp_068,1,0.237098,0.317638,10,10,10
OF,exp_068,2,0.267044,0.342205,10,10,10
OF,exp_068,3,0.278657,0.342691,10,10,10
OF,exp_069,1,0.194429,0.299762,10,10,10
OF,exp_069,2,0.247523,0.277584,10,10,10
OF,exp_069,3,0.302969,0.332339,10,10,10
OF,exp_070,1,0.258953,0.332712,10,10,10
OF,exp_070,2,0.278179,0.339736,10,10,10
OF,exp_070,3,0.267318,0.304199,10,10,10
OF,exp_071,1,0.197992,0.297547,10,10,10
OF,exp_071,2,0.243574,0.305986,10,10,10
OF,exp_071,3,0.313359,0.306657,10,10,10
OF,exp_072,1,0.225435,0.339753,10,10,10
OF,exp_072,2,0.229745,0.372886,10,10,10
OF,exp_072,3,0.251308,0.372028,10,10,10
OF,exp_073,1,0.389936,0.362106,10,10,10
OF,exp_073,2,0.369504,0.351786,10,10,10
OF,exp_073,3,0.393659,0.320649,10,10,10
OF,exp_074,1,0.344104,0.288923,10,10,10
OF,exp_074,2,0.367614,0.278992,10,10,10
OF,exp_074,3,0.318652,0.298122,10,10,10
OF,exp_075,1,0.274183,0.344626,10,10,10
OF,exp_075,2,0.353185,0.34514,10,10,10
OF,exp_075,3,0.270439,0.300411,10,10,10
OF,exp_076,1,0.253278,0.318786,10,10,10
OF,exp_076,2,0.322602,0.309301,10,10,10
OF,exp_076,3,0.333697,0.343611,10,10,10
OF,exp_077,1,0.316443,0.295492,10,10,10
OF,exp_077,2,0.268303,0.290224,10,10,10
OF,exp_077,3,0.343403,0.29769,10,10,10
OF,exp_078,1,0.286085,0.273598,10,10,10
OF,exp_078,2,0.343358,0.27369,10,10,10
OF,exp_078,3,0.359075,0.28704,10,10,10
OF,exp_079,1,0.275156,0.283918,10,10,10
OF,exp_079,2,0.343643,0.298234,10,10,10
OF,exp_079,3,0.317271,0.323597,10,10,10
OF,exp_080,1,0.287178,0.280549,10,10,10
OF,exp_080,2,0.32078,0.277675,10,10,10
OF,exp_080,3,0.352328,0.30234,10,10,10
OF,exp_081,1,0.375419,0.302394,10,10,10
OF,exp_081,2,0.336409,0.327589,10,10,10
OF,exp_081,3,0.293244,0.315613,10,10,10
OF,exp_082,1,0.219063,0.35699,10,10,10
OF,exp_082,2,0.226224,0.352594,10,10,10
OF,exp_082,3,0.241078,0.364062,10,10,10
OF,exp_083,1,0.257831,0.300749,10,10,10
OF,exp_083,2,0.379004,0.302953,10,10,10
OF,exp_083,3,0.345147,0.32871,10,10,10
OF,exp_084,1,0.306042,0.264072,10,10,10
OF,exp_084,2,0.326507,0.305993,10,10,10
OF,exp_084,3,0.25689,0.310731,10,10,10
OF,exp_085,1,0.267456,0.304285,10,10,10
OF,exp_085,2,0.201602,0.342654,10,10,10
OF,exp_085,3,0.214072,0.272097,10,10,10
OF,exp_086,1,0.281391,0.277736,10,10,10
OF,exp_086,2,0.290201,0.276753,10,10,10
OF,exp_086,3,0.303471,0.300999,10,10,10
OF,exp_087,1,0.319901,0.317954,10,10,10
OF,exp_087,2,0.34071,0.356817,10,10,10
OF,exp_087,3,0.325674,0.325907,10,10,10
OF,exp_088,1,0.33724,0.352012,10,10,10
OF,exp_088,2,0.247567,0.369016,10,10,10
OF,exp_088,3,0.263753,0.35051,10,10,10
OF,exp_089,1,0.342077,0.351558,10,10,10
OF,exp_089,2,0.361213,0.325561,10,10,10
OF,exp_089,3,0.400566,0.360099,10,10,10
OF,exp_090,1,0.293089,0.360563,10,10,10
OF,exp_090,2,0.255813,0.337163,10,10,10
OF,exp_090,3,0.263658,0.341517,10,10,10
OF,exp_091,1,0.266252,0.30205,10,10,10
OF,exp_091,2,0.405307,0.305904,10,10,10
OF,exp_091,3,0.352704,0.31549,10,10,10
OF,exp_092,1,0.376117,0.335772,10,10,10
OF,exp_092,2,0.332295,0.31496,10,10,10
OF,exp_092,3,0.344641,0.30989,10,10,10
OF,exp_093,1,0.262007,0.320548,10,10,10
OF,exp_093,2,0.31831,0.32446,10,10,10
OF,exp_093,3,0.294148,0.31182,10,10,10
OF,exp_094,1,0.400262,0.295225,10,10,10
OF,exp_094,2,0.295988,0.342839,10,10,10
OF,exp_094,3,0.30363,0.360631,10,10,10
OF,exp_095,1,0.334565,0.247857,10,10,10
OF,exp_095,2,0.31329,0.287635,10,10,10
OF,exp_095,3,0.340311,0.294664,10,10,10
OF,exp_096,1,0.310672,0.349763,10,10,10
OF,exp_096,2,0.268797,0.364102,10,10,10
OF,exp_096,3,0.286247,0.378266,10,10,10
OF,exp_097,1,0.247711,0.375442,10,10,10
OF,exp_097,2,0.278837,0.373205,10,10,10
OF,exp_097,3,0.375958,0.352521,10,10,10
OF,exp_098,1,0.30062,0.274137,10,10,10
OF,exp_098,2,0.31719,0.325404,10,10,10
OF,exp_098,3,0.340483,0.320094,10,10,10
OF,exp_099,1,0.194542,0.358523,10,10,10
OF,exp_099,2,0.27458,0.332613,10,10,10
OF,exp_099,3,0.316703,0.360672,10,10,10
OF,exp_100,1,0.268311,0.265944,10,10,10
OF,exp_100,2,0.306549,0.331356,10,10,10
OF,exp_100,3,0.430327,0.313952,10,10,10
OF,exp_101,1,0.323952,0.278093,10,10,10
OF,exp_101,2,0.415099,0.272198,10,10,10
OF,exp_101,3,0.37023,0.276916,10,10,10
OF,exp_102,1,0.279346,0.30157,10,10,10
OF,exp_102,2,0.35078,0.281714,10,10,10
OF,exp_102,3,0.428877,0.317939,10,10,10
OF,exp_103,1,0.314146,0.313407,10,10,10
OF,exp_103,2,0.302171,0.287616,10,10,10
OF,exp_103,3,0.355101,0.325122,10,10,10
OF,exp_104,1,0.278137,0.263929,10,10,10
OF,exp_104,2,0.340794,0.224533,10,10,10
OF,exp_104,3,0.453707,0.290517,10,10,10
OF,exp_105,1,0.407784,0.299913,10,10,10
OF,exp_105,2,0.345456,0.287724,10,10,10
OF,exp_105,3,0.33865,0.285833,10,10,10
OF,exp_106,1,0.398969,0.272433,10,10,10
OF,exp_106,2,0.281675,0.265344,10,10,10
OF,exp_106,3,0.330488,0.327411,10,10,10
OF,exp_107,1,0.318765,0.329484,10,10,10
OF,exp_107,2,0.305882,0.348423,10,10,10
OF,exp_107,3,0.353902,0.377712,10,10,10
OF,exp_108,1,0.419778,0.315589,10,10,10
OF,exp_108,2,0.308468,0.294209,10,10,10
OF,exp_108,3,0.384497,0.325968,10,10,10
OF,exp_109,1,0.240414,0.274685,10,10,10
OF,exp_109,2,0.309254,0.296541,10,10,10
OF,exp_109,3,0.361132,0.307118,10,10,10
OF,exp_110,1,0.253453,0.293536,10,10,10
OF,exp_110,2,0.31203,0.333312,10,10,10
OF,exp_110,3,0.312452,0.363345,10,10,10
OF,exp_111,1,0.258485,0.30886,10,10,10
OF,exp_111,2,0.332204,0.306204,10,10,10
OF,exp_111,3,0.374012,0.338488,10,10,10
OF,exp_112,1,0.20441,0.322358,10,10,10
OF,exp_112,2,0.222652,0.353713,10,10,10
OF,exp_112,3,0.318241,0.350127,10,10,10
OF,exp_113,1,0.254153,0.281621,10,10,10
OF,exp_113,2,0.260796,0.336533,10,10,10
OF,exp_113,3,0.258387,0.356732,10,10,10
OF,exp_114,1,0.323519,0.286139,10,10,10
OF,exp_114,2,0.285685,0.27553,10,10,10
OF,exp_114,3,0.295894,0.314753,10,10,10
OF,exp_115,1,0.297407,0.306211,10,10,10
OF,exp_115,2,0.307181,0.265254,10,10,10
OF,exp_115,3,0.341091,0.284691,10,10,10
OF,exp_116,1,0.271068,0.301744,10,10,10
OF,exp_116,2,0.332708,0.362059,10,10,10
OF,exp_116,3,0.34577,0.332363,10,10,10
OF,exp_117,1,0.318886,0.313656,10,10,10
OF,exp_117,2,0.45721,0.299476,10,10,10
OF,exp_117,3,0.460791,0.298797,10,10,10
OF,exp_118,1,0.287401,0.347575,10,10,10
OF,exp_118,2,0.387721,0.329411,10,10,10
OF,exp_118,3,0.314739,0.323678,10,10,10
OF,exp_119,1,0.1616,0.301116,10,10,10
OF,exp_119,2,0.230128,0.349688,10,10,10
OF,exp_119,3,0.325222,0.340487,10,10,10
OF,exp_120,1,0.306257,0.271172,10,10,10
OF,exp_120,2,0.418463,0.319866,10,10,10
OF,exp_120,3,0.405788,0.330748,10,10,10
OPF,exp_001,1,0.301001,0.338199,10,10,10
OPF,exp_001,2,0.217298,0.397832,10,10,10
OPF,exp_001,3,0.266071,0.376265,10,10,10
OPF,exp_002,1,0.310386,0.343834,10,10,10
OPF,exp_002,2,0.239611,0.383329,10,10,10
OPF,exp_002,3,0.278842,0.412035,10,10,10
OPF,exp_003,1,0.249396,0.289008,10,10,10
OPF,exp_003,2,0.27826,0.378517,10,10,10
OPF,exp_003,3,0.274375,0.39408,10,10,10
OPF,exp_004,1,0.231531,0.363823,10,10,10
OPF,exp_004,2,0.246963,0.455495,10,10,10
OPF,exp_004,3,0.266735,0.468301,10,10,10
OPF,exp_005,1,0.303947,0.295369,10,10,10
OPF,exp_005,2,0.249163,0.331501,10,10,10
OPF,exp_005,3,0.291261,0.380645,10,10,10
OPF,exp_006,1,0.278953,0.33655,10,10,10
OPF,exp_006,2,0.267639,0.378405,10,10,10
OPF,exp_006,3,0.244308,0.461681,10,10,10
OPF,exp_007,1,0.333591,0.287192,10,10,10
OPF,exp_007,2,0.297859,0.415265,10,10,10
OPF,exp_007,3,0.355472,0.426856,10,10,10
OPF,exp_008,1,0.283891,0.2937,10,10,10
OPF,exp_008,2,0.171847,0.428594,10,10,10
OPF,exp_008,3,0.245916,0.460435,10,10,10
OPF,exp_009,1,0.256898,0.290663,10,10,10
OPF,exp_009,2,0.226711,0.439307,10,10,10
OPF,exp_009,3,0.239253,0.522021,10,10,10
OPF,exp_010,1,0.346319,0.297484,10,10,10
OPF,exp_010,2,0.272142,0.40471,10,10,10
OPF,exp_010,3,0.28309,0.323885,10,10,10
OPF,exp_011,1,0.254902,0.258821,10,10,10
OPF,exp_011,2,0.233508,0.381708,10,10,10
OPF,exp_011,3,0.218689,0.406369,10,10,10
OPF,exp_012,1,0.279811,0.31308,10,10,10
OPF,exp_012,2,0.22334,0.418626,10,10,10
OPF,exp_012,3,0.242721,0.426998,10,10,10
OPF,exp_013,1,0.332137,0.332044,10,10,10
OPF,exp_013,2,0.228937,0.442297,10,10,10
OPF,exp_013,3,0.198958,0.472092,10,10,10
OPF,exp_014,1,0.250068,0.307384,10,10,10
OPF,exp_014,2,0.293088,0.42293,10,10,10
OPF,exp_014,3,0.234321,0.470277,10,10,10
OPF,exp_015,1,0.216243,0.305035,10,10,10
OPF,exp_015,2,0.234135,0.432951,10,10,10
OPF,exp_015,3,0.191181,0.410524,10,10,10
OPF,exp_016,1,0.266902,0.311764,10,10,10
OPF,exp_016,2,0.271216,0.411586,10,10,10
OPF,exp_016,3,0.264986,0.432144,10,10,10
OPF,exp_017,1,0.24763,0.307556,10,10,10
OPF,exp_017,2,0.308935,0.424377,10,10,10
OPF,exp_017,3,0.218932,0.440087,10,10,10
OPF,exp_018,1,0.257075,0.283426,10,10,10
OPF,exp_018,2,0.260398,0.430275,10,10,10
OPF,exp_018,3,0.258075,0.447307,10,10,10
OPF,exp_019,1,0.243903,0.293879,10,10,10
OPF,exp_019,2,0.356729,0.455197,10,10,10
OPF,exp_019,3,0.295197,0.471593,10,10,10
OPF,exp_020,1,0.278939,0.331527,10,10,10
OPF,exp_020,2,0.269994,0.397308,10,10,10
OPF,exp_020,3,0.266014,0.426801,10,10,10
OPF,exp_021,1,0.293879,0.33264,10,10,10
OPF,exp_021,2,0.309383,0.433744,10,10,10
OPF,exp_021,3,0.296691,0.449973,10,10,10
OPF,exp_022,1,0.313662,0.350884,10,10,10
OPF,exp_022,2,0.388806,0.377794,10,10,10
OPF,exp_022,3,0.399224,0.437173,10,10,10
OPF,exp_023,1,0.348892,0.331875,10,10,10
OPF,exp_023,2,0.301757,0.374413,10,10,10
OPF,exp_023,3,0.284303,0.390714,10,10,10
OPF,exp_024,1,0.308541,0.298258,10,10,10
OPF,exp_024,2,0.30843,0.405245,10,10,10
OPF,exp_024,3,0.318563,0.45844,10,10,10
OPF,exp_025,1,0.297452,0.360823,10,10,10
OPF,exp_025,2,0.333696,0.443618,10,10,10
OPF,exp_025,3,0.379209,0.416596,10,10,10
OPF,exp_026,1,0.291429,0.301295,10,10,10
OPF,exp_026,2,0.267846,0.35118,10,10,10
OPF,exp_026,3,0.292731,0.4274,10,10,10
OPF,exp_027,1,0.33139,0.286677,10,10,10
OPF,exp_027,2,0.371851,0.403524,10,10,10
OPF,exp_027,3,0.348983,0.384711,10,10,10
OPF,exp_028,1,0.279856,0.294558,10,10,10
OPF,exp_028,2,0.343232,0.306816,10,10,10
OPF,exp_028,3,0.221185,0.438677,10,10,10
OPF,exp_029,1,0.281765,0.322144,10,10,10
OPF,exp_029,2,0.278355,0.397382,10,10,10
OPF,exp_029,3,0.187807,0.425701,10,10,10
OPF,exp_030,1,0.26247,0.288542,10,10,10
OPF,exp_030,2,0.354342,0.23226,10,10,10
OPF,exp_030,3,0.22626,0.422715,10,10,10
OPF,exp_031,1,0.244289,0.325504,10,10,10
OPF,exp_031,2,0.238905,0.397792,10,10,10
OPF,exp_031,3,0.271993,0.407833,10,10,10
OPF,exp_032,1,0.291346,0.360263,10,10,10
OPF,exp_032,2,0.237037,0.413775,10,10,10
OPF,exp_032,3,0.246634,0.430998,10,10,10
OPF,exp_033,1,0.30347,0.292753,10,10,10
OPF,exp_033,2,0.311073,0.41536,10,10,10
OPF,exp_033,3,0.281949,0.425348,10,10,10
OPF,exp_034,1,0.23416,0.311188,10,10,10
OPF,exp_034,2,0.229057,0.419758,10,10,10
OPF,exp_034,3,0.229181,0.450957,10,10,10
OPF,exp_035,1,0.289747,0.32842,10,10,10
OPF,exp_035,2,0.199753,0.403761,10,10,10
OPF,exp_035,3,0.211561,0.469175,10,10,10
OPF,exp_036,1,0.303874,0.271745,10,10,10
OPF,exp_036,2,0.300498,0.379646,10,10,10
OPF,exp_036,3,0.24782,0.44934,10,10,10
OPF,exp_037,1,0.326704,0.306998,10,10,10
OPF,exp_037,2,0.215746,0.377058,10,10,10
OPF,exp_037,3,0.226131,0.428997,10,10,10
OPF,exp_038,1,0.268843,0.288362,10,10,10
OPF,exp_038,2,0.19879,0.395689,10,10,10
OPF,exp_038,3,0.184099,0.410197,10,10,10
OPF,exp_039,1,0.313536,0.27244,10,10,10
OPF,exp_039,2,0.289233,0.414675,10,10,10
OPF,exp_039,3,0.292591,0.422495,10,10,10
OPF,exp_040,1,0.311618,0.316518,10,10,10
OPF,exp_040,2,0.246784,0.389243,10,10,10
OPF,exp_040,3,0.220355,0.370864,10,10,10
OPF,exp_041,1,0.253069,0.288005,10,10,10
OPF,exp_041,2,0.306265,0.377723,10,10,10
OPF,exp_041,3,0.286849,0.411607,10,10,10
OPF,exp_042,1,0.326676,0.283392,10,10,10
OPF,exp_042,2,0.232341,0.382827,10,10,10
OPF,exp_042,3,0.253339,0.406216,10,10,10
OPF,exp_043,1,0.219567,0.352925,10,10,10
OPF,exp_043,2,0.188618,0.420891,10,10,10
OPF,exp_043,3,0.208738,0.400429,10,10,10
OPF,exp_044,1,0.210332,0.284346,10,10,10
OPF,exp_044,2,0.20737,0.400724,10,10,10
OPF,exp_044,3,0.28163,0.411244,10,10,10
OPF,exp_045,1,0.275101,0.335843,10,10,10
OPF,exp_045,2,0.23659,0.395471,10,10,10
OPF,exp_045,3,0.28488,0.429551,10,10,10
OPF,exp_046,1,0.294959,0.338915,10,10,10
OPF,exp_046,2,0.230849,0.469164,10,10,10
OPF,exp_046,3,0.313248,0.276698,10,10,10
OPF,exp_047,1,0.294862,0.342761,10,10,10
OPF,exp_047,2,0.283065,0.411872,10,10,10
OPF,exp_047,3,0.242453,0.443361,10,10,10
OPF,exp_048,1,0.321866,0.330271,10,10,10
OPF,exp_048,2,0.311887,0.455214,10,10,10
OPF,exp_048,3,0.274259,0.436769,10,10,10
OPF,exp_049,1,0.31613,0.331425,10,10,10
OPF,exp_049,2,0.259511,0.404817,10,10,10
OPF,exp_049,3,0.270445,0.428571,10,10,10
OPF,exp_050,1,0.364701,0.282004,10,10,10
OPF,exp_050,2,0.290456,0.391922,10,10,10
OPF,exp_050,3,0.217625,0.40093,10,10,10
OPF,exp_051,1,0.314873,0.277081,10,10,10
OPF,exp_051,2,0.209317,0.415341,10,10,10
OPF,exp_051,3,0.241963,0.449509,10,10,10
OPF,exp_052,1,0.368346,0.357015,10,10,10
OPF,exp_052,2,0.435403,0.409679,10,10,10
OPF,exp_052,3,0.343754,0.439429,10,10,10
OPF,exp_053,1,0.350795,0.30808,10,10,10
OPF,exp_053,2,0.30649,0.397985,10,10,10
OPF,exp_053,3,0.323782,0.40704,10,10,10
OPF,exp_054,1,0.266463,0.324033,10,10,10
OPF,exp_054,2,0.283837,0.429055,10,10,10
OPF,exp_054,3,0.342985,0.424151,10,10,10
OPF,exp_055,1,0.226381,0.290292,10,10,10
OPF,exp_055,2,0.251794,0.396588,10,10,10
OPF,exp_055,3,0.282441,0.382008,10,10,10
OPF,exp_056,1,0.231874,0.289061,10,10,10
OPF,exp_056,2,0.250351,0.391042,10,10,10
OPF,exp_056,3,0.259579,0.377829,10,10,10
OPF,exp_057,1,0.229886,0.322792,10,10,10
OPF,exp_057,2,0.181073,0.486742,10,10,10
OPF,exp_057,3,0.213955,0.494102,10,10,10
OPF,exp_058,1,0.326915,0.291607,10,10,10
OPF,exp_058,2,0.314702,0.404028,10,10,10
OPF,exp_058,3,0.243402,0.492894,10,10,10
OPF,exp_059,1,0.281306,0.317578,10,10,10
OPF,exp_059,2,0.283769,0.394793,10,10,10
OPF,exp_059,3,0.276627,0.416892,10,10,10
OPF,exp_060,1,0.204064,0.325587,10,10,10
OPF,exp_060,2,0.187393,0.367161,10,10,10
OPF,exp_060,3,0.22483,0.371199,10,10,10
OPF,exp_061,1,0.242979,0.290594,10,10,10
OPF,exp_061,2,0.244227,0.431427,10,10,10
OPF,exp_061,3,0.272473,0.486211,10,10,10
OPF,exp_062,1,0.26071,0.330663,10,10,10
OPF,exp_062,2,0.210104,0.403713,10,10,10
OPF,exp_062,3,0.182235,0.418309,10,10,10
OPF,exp_063,1,0.25051,0.323838,10,10,10
OPF,exp_063,2,0.248239,0.391435,10,10,10
OPF,exp_063,3,0.288953,0.423996,10,10,10
OPF,exp_064,1,0.216896,0.292023,10,10,10
OPF,exp_064,2,0.216996,0.375707,10,10,10
OPF,exp_064,3,0.191693,0.402651,10,10,10
OPF,exp_065,1,0.397717,0.280236,10,10,10
OPF,exp_065,2,0.419977,0.386958,10,10,10
OPF,exp_065,3,0.375843,0.390731,10,10,10
OPF,exp_066,1,0.307907,0.31108,10,10,10
OPF,exp_066,2,0.343662,0.364804,10,10,10
OPF,exp_066,3,0.345978,0.418301,10,10,10
OPF,exp_067,1,0.278056,0.306502,10,10,10
OPF,exp_067,2,0.192104,0.377625,10,10,10
OPF,exp_067,3,0.204759,0.382352,10,10,10
OPF,exp_068,1,0.374534,0.267517,10,10,10
OPF,exp_068,2,0.313799,0.384069,10,10,10
OPF,exp_068,3,0.30222,0.446888,10,10,10
OPF,exp_069,1,0.230311,0.292598,10,10,10
OPF,exp_069,2,0.209622,0.377357,10,10,10
OPF,exp_069,3,0.178654,0.434185,10,10,10
OPF,exp_070,1,0.289286,0.306921,10,10,10
OPF,exp_070,2,0.24196,0.407743,10,10,10
OPF,exp_070,3,0.373969,0.260242,10,10,10
OPF,exp_071,1,0.317371,0.285046,10,10,10
OPF,exp_071,2,0.232416,0.381543,10,10,10
OPF,exp_071,3,0.244833,0.381303,10,10,10
OPF,exp_072,1,0.278248,0.314294,10,10,10
OPF,exp_072,2,0.31974,0.461707,10,10,10
OPF,exp_072,3,0.285397,0.498381,10,10,10
OPF,exp_073,1,0.258139,0.362526,10,10,10
OPF,exp_073,2,0.317033,0.452835,10,10,10
OPF,exp_073,3,0.313817,0.393276,10,10,10
OPF,exp_074,1,0.228378,0.304294,10,10,10
OPF,exp_074,2,0.260833,0.338912,10,10,10
OPF,exp_074,3,0.236033,0.423809,10,10,10
OPF,exp_075,1,0.341504,0.279421,10,10,10
OPF,exp_075,2,0.292461,0.367178,10,10,10
OPF,exp_075,3,0.253602,0.38499,10,10,10
OPF,exp_076,1,0.254945,0.354366,10,10,10
OPF,exp_076,2,0.264007,0.381913,10,10,10
OPF,exp_076,3,0.206193,0.446199,10,10,10
OPF,exp_077,1,0.274087,0.320301,10,10,10
OPF,exp_077,2,0.379507,0.390709,10,10,10
OPF,exp_077,3,0.39742,0.393114,10,10,10
OPF,exp_078,1,0.310643,0.246572,10,10,10
OPF,exp_078,2,0.276268,0.378473,10,10,10
OPF,exp_078,3,0.450612,0.409205,10,10,10
OPF,exp_079,1,0.292923,0.287531,10,10,10
OPF,exp_079,2,0.261906,0.380267,10,10,10
OPF,exp_079,3,0.213502,0.411671,10,10,10
OPF,exp_080,1,0.334903,0.277735,10,10,10
OPF,exp_080,2,0.356594,0.403419,10,10,10
OPF,exp_080,3,0.363533,0.304551,10,10,10
OPF,exp_081,1,0.312653,0.374336,10,10,10
OPF,exp_081,2,0.337462,0.448346,10,10,10
OPF,exp_081,3,0.296783,0.471846,10,10,10
OPF,exp_082,1,0.217017,0.324233,10,10,10
OPF,exp_082,2,0.208408,0.432473,10,10,10
OPF,exp_082,3,0.225991,0.418729,10,10,10
OPF,exp_083,1,0.223107,0.313186,10,10,10
OPF,exp_083,2,0.17088,0.384101,10,10,10
OPF,exp_083,3,0.232504,0.412769,10,10,10
OPF,exp_084,1,0.243522,0.322447,10,10,10
OPF,exp_084,2,0.255487,0.388203,10,10,10
OPF,exp_084,3,0.272382,0.416031,10,10,10
OPF,exp_085,1,0.262058,0.329208,10,10,10
OPF,exp_085,2,0.24465,0.419806,10,10,10
OPF,exp_085,3,0.243559,0.438343,10,10,10
OPF,exp_086,1,0.32754,0.30341,10,10,10
OPF,exp_086,2,0.327655,0.357365,10,10,10
OPF,exp_086,3,0.298653,0.389649,10,10,10
OPF,exp_087,1,0.301606,0.286578,10,10,10
OPF,exp_087,2,0.261645,0.40954,10,10,10
OPF,exp_087,3,0.226642,0.381349,10,10,10
OPF,exp_088,1,0.278213,0.266358,10,10,10
OPF,exp_088,2,0.353564,0.333762,10,10,10
OPF,exp_088,3,0.343938,0.370149,10,10,10
OPF,exp_089,1,0.359553,0.337335,10,10,10
OPF,exp_089,2,0.300861,0.399248,10,10,10
OPF,exp_089,3,0.285661,0.434765,10,10,10
OPF,exp_090,1,0.310236,0.312853,10,10,10
OPF,exp_090,2,0.259325,0.333894,10,10,10
OPF,exp_090,3,0.206132,0.395207,10,10,10
OPF,exp_091,1,0.334061,0.34499,10,10,10
OPF,exp_091,2,0.379903,0.338337,10,10,10
OPF,exp_091,3,0.333088,0.363702,10,10,10
OPF,exp_092,1,0.313112,0.314157,10,10,10
OPF,exp_092,2,0.24356,0.431335,10,10,10
OPF,exp_092,3,0.301377,0.382745,10,10,10
OPF,exp_093,1,0.26573,0.271219,10,10,10
OPF,exp_093,2,0.190224,0.374879,10,10,10
OPF,exp_093,3,0.252068,0.434029,10,10,10
OPF,exp_094,1,0.347872,0.311249,10,10,10
OPF,exp_094,2,0.237044,0.436379,10,10,10
OPF,exp_094,3,0.191156,0.508255,10,10,10
OPF,exp_095,1,0.232869,0.275525,10,10,10
OPF,exp_095,2,0.282336,0.376981,10,10,10
OPF,exp_095,3,0.246855,0.419179,10,10,10
OPF,exp_096,1,0.23929,0.308467,10,10,10
OPF,exp_096,2,0.206694,0.419957,10,10,10
OPF,exp_096,3,0.257642,0.444307,10,10,10
OPF,exp_097,1,0.296627,0.271846,10,10,10
OPF,exp_097,2,0.24458,0.429393,10,10,10
OPF,exp_097,3,0.26559,0.480766,10,10,10
OPF,exp_098,1,0.303717,0.324491,10,10,10
OPF,exp_098,2,0.230588,0.408803,10,10,10
OPF,exp_098,3,0.368757,0.447465,10,10,10
OPF,exp_099,1,0.295868,0.329735,10,10,10
OPF,exp_099,2,0.332564,0.414165,10,10,10
OPF,exp_099,3,0.327785,0.426173,10,10,10
OPF,exp_100,1,0.211083,0.353683,10,10,10
OPF,exp_100,2,0.223599,0.468325,10,10,10
OPF,exp_100,3,0.183343,0.485879,10,10,10
OPF,exp_101,1,0.291043,0.299961,10,10,10
OPF,exp_101,2,0.27694,0.417081,10,10,10
OPF,exp_101,3,0.260985,0.43871,10,10,10
OPF,exp_102,1,0.208236,0.299004,10,10,10
OPF,exp_102,2,0.206416,0.448393,10,10,10
OPF,exp_102,3,0.238344,0.383106,10,10,10
OPF,exp_103,1,0.300283,0.344041,10,10,10
OPF,exp_103,2,0.271128,0.394784,10,10,10
OPF,exp_103,3,0.218808,0.417091,10,10,10
OPF,exp_104,1,0.26852,0.32916,10,10,10
OPF,exp_104,2,0.410489,0.34923,10,10,10
OPF,exp_104,3,0.360323,0.430516,10,10,10
OPF,exp_105,1,0.181369,0.347041,10,10,10
OPF,exp_105,2,0.210707,0.373183,10,10,10
OPF,exp_105,3,0.244241,0.398209,10,10,10
OPF,exp_106,1,0.232901,0.337004,10,10,10
OPF,exp_106,2,0.2593,0.407387,10,10,10
OPF,exp_106,3,0.239207,0.404502,10,10,10
OPF,exp_107,1,0.303909,0.257351,10,10,10
OPF,exp_107,2,0.372166,0.373565,10,10,10
OPF,exp_107,3,0.318411,0.406049,10,10,10
OPF,exp_108,1,0.265403,0.310636,10,10,10
OPF,exp_108,2,0.337896,0.437415,10,10,10
OPF,exp_108,3,0.325083,0.421403,10,10,10
OPF,exp_109,1,0.29691,0.276555,10,10,10
OPF,exp_109,2,0.254656,0.389348,10,10,10
OPF,exp_109,3,0.24931,0.459645,10,10,10
OPF,exp_110,1,0.311256,0.317121,10,10,10
OPF,exp_110,2,0.280801,0.407586,10,10,10
OPF,exp_110,3,0.282579,0.416476,10,10,10
OPF,exp_111,1,0.213576,0.35757,10,10,10
OPF,exp_111,2,0.276915,0.419329,10,10,10
OPF,exp_111,3,0.329141,0.448021,10,10,10
OPF,exp_112,1,0.238145,0.312109,10,10,10
OPF,exp_112,2,0.34409,0.43602,10,10,10
OPF,exp_112,3,0.344906,0.466143,10,10,10
OPF,exp_113,1,0.262857,0.311382,10,10,10
OPF,exp_113,2,0.36184,0.403801,10,10,10
OPF,exp_113,3,0.37893,0.432966,10,10,10
OPF,exp_114,1,0.407765,0.306899,10,10,10
OPF,exp_114,2,0.321814,0.425936,10,10,10
OPF,exp_114,3,0.305503,0.49704,10,10,10
OPF,exp_115,1,0.333685,0.319268,10,10,10
OPF,exp_115,2,0.224285,0.367692,10,10,10
OPF,exp_115,3,0.358661,0.329281,10,10,10
OPF,exp_116,1,0.268537,0.318979,10,10,10
OPF,exp_116,2,0.271258,0.409568,10,10,10
OPF,exp_116,3,0.32725,0.404906,10,10,10
OPF,exp_117,1,0.313564,0.346812,10,10,10
OPF,exp_117,2,0.283407,0.330559,10,10,10
OPF,exp_117,3,0.255397,0.387022,10,10,10
OPF,exp_118,1,0.287553,0.346783,10,10,10
OPF,exp_118,2,0.266763,0.320937,10,10,10
OPF,exp_118,3,0.217221,0.451095,10,10,10
OPF,exp_119,1,0.254313,0.303627,10,10,10
OPF,exp_119,2,0.268544,0.42061,10,10,10
OPF,exp_119,3,0.2575,0.413814,10,10,10
OPF,exp_120,1,0.267738,0.29494,10,10,10
OPF,exp_120,2,0.283242,0.401517,10,10,10
OPF,exp_120,3,0.370449,0.418682,10,10,10
